Title,Date,Link
Was There a Loan It Didn’t Like?,"Nov. 1, 2008",https://www.nytimes.com/2008/11/02/business/02gret.html?searchResultPosition=1
"Challenging the Crowd in Whispers, Not Shouts","Nov. 1, 2008",https://www.nytimes.com/2008/11/02/business/02view.html?searchResultPosition=2
AIG auditors raise specter of derivatives losses,"Nov. 1, 2008",https://www.nytimes.com/2008/02/11/business/worldbusiness/11iht-aig.4.9943023.html?searchResultPosition=3
"From Midwest to M.T.A., Pain From Global Gamble","Nov. 1, 2008",https://www.nytimes.com/2008/11/02/business/02global.html?searchResultPosition=4
Buffett's bond bailout offer helps lift shares,"Nov. 2, 2008",https://www.nytimes.com/2008/02/12/business/worldbusiness/12iht-stox.5.9990027.html?searchResultPosition=5
Mortgage crisis spreads in U.S. past subprime loans,"Nov. 2, 2008",https://www.nytimes.com/2008/02/12/business/worldbusiness/12iht-12mortgage.9958937.html?searchResultPosition=6
Persian Gulf States Asked to Increase Global Bailout Financing,"Nov. 2, 2008",https://www.nytimes.com/2008/11/03/business/worldbusiness/03imf.html?searchResultPosition=7
U.S. Rejects G.M.’s Call for Help in a Merger,"Nov. 2, 2008",https://www.nytimes.com/2008/11/03/business/03gm.html?searchResultPosition=8
Less Finance May Be Just Fine,"Nov. 2, 2008",https://www.nytimes.com/2008/11/03/business/03views.html?searchResultPosition=9
Wall Street Crisis as a Reality Show,"Nov. 2, 2008",https://www.nytimes.com/2008/11/03/business/media/03warriors.html?searchResultPosition=10
The Struggles of a Game Maker Bog Down Viacom,"Nov. 2, 2008",https://www.nytimes.com/2008/11/03/business/media/03redstone.html?searchResultPosition=11
Debt Linked to Buyouts Tightens the Economic Vise,"Nov. 2, 2008",https://www.nytimes.com/2008/11/03/business/economy/03equity.html?searchResultPosition=12
"More than ever, the waves that move markets start on Wall Street","Nov. 3, 2008",https://www.nytimes.com/2008/11/03/business/worldbusiness/03iht-wave.4.17483684.html?searchResultPosition=13
DBS hires Citigroup China's chief executive as its new chief,"Nov. 3, 2008",https://www.nytimes.com/2008/02/13/business/worldbusiness/13iht-dbs.1.10002717.html?searchResultPosition=14
Stock traders soldier on,"Nov. 3, 2008",https://www.nytimes.com/2008/11/03/business/worldbusiness/03iht-land.1.17464985.html?searchResultPosition=15
"Challenging the Crowd in Whispers, Not Shouts","Nov. 3, 2008",https://www.nytimes.comhttps://dealbook.nytimes.com/2008/11/03/challenging-the-crowd-in-whispers-not-shouts/?searchResultPosition=16
"Financial Foot Soldiers, Feeling the Weight of the World","Nov. 3, 2008",https://www.nytimes.comhttps://dealbook.nytimes.com/2008/11/03/financial-foot-soldiers-feeling-the-weight-of-the-world/?searchResultPosition=17
German Bank Seeks $10.5 Billion in Bailout Aid,"Nov. 3, 2008",https://www.nytimes.com/2008/11/04/business/worldbusiness/04eurobanks.html?searchResultPosition=18
Exports and Loans are Fading,"Nov. 3, 2008",https://www.nytimes.comhttps://economix.blogs.nytimes.com/2008/11/03/exports-and-loans-are-fading/?searchResultPosition=19
Wall Street’s Bonus Hopes Linger Despite Losses,"Nov. 3, 2008",https://www.nytimes.comhttps://dealbook.nytimes.com/2008/11/03/wall-streets-bonus-hopes-linger-despite-losses/?searchResultPosition=20
New Terrain for Panel on Bailout,"Nov. 3, 2008",https://www.nytimes.com/2008/11/04/business/economy/04bailout.html?searchResultPosition=21
Bank Survey Shows Credit Is Growing Even Tighter,"Nov. 3, 2008",https://www.nytimes.com/2008/11/04/business/economy/04fed.html?searchResultPosition=22
A Bright Spot in Tough Times,"Nov. 3, 2008",https://www.nytimes.com/2008/11/04/business/economy/04views.html?searchResultPosition=23
"In Britain, Debate Over Help for Small Businesses","Nov. 3, 2008",https://www.nytimes.com/2008/11/04/business/smallbusiness/04sbiz.html?searchResultPosition=24
"Overseas, More Nations Assemble Stimulus Plans","Nov. 3, 2008",https://www.nytimes.com/2008/11/04/business/worldbusiness/04stimulus.html?searchResultPosition=25
Rein in Chief’s Pay? It’s Doable,"Nov. 3, 2008",https://www.nytimes.com/2008/11/04/business/04sorkin.html?searchResultPosition=26
Chinese seek bigger share of Bear Stearns,"Nov. 4, 2008",https://www.nytimes.com/2008/02/14/business/worldbusiness/14iht-citic.1.10041881.html?searchResultPosition=27
Thousands more lose investment bank jobs,"Nov. 4, 2008",https://www.nytimes.com/2008/12/04/business/worldbusiness/04iht-bank.4.18412402.html?searchResultPosition=28
China calls for U.S. moves to help avert a global recession,"Nov. 4, 2008",https://www.nytimes.com/2008/12/04/business/worldbusiness/04iht-paulson.1.18396275.html?searchResultPosition=29
German government to join in third IKB bailout,"Nov. 4, 2008",https://www.nytimes.com/2008/02/14/business/worldbusiness/14iht-ikb.1.10039524.html?searchResultPosition=30
UBS and Royal Bank of Scotland warn of tougher market conditions ahead,"Nov. 4, 2008",https://www.nytimes.com/2008/11/04/business/worldbusiness/04iht-ubs.4.17521287.html?searchResultPosition=31
Ex-chief of risk at Bear Stearns gets job at New York Fed,"Nov. 4, 2008",https://www.nytimes.com/2008/11/04/business/worldbusiness/04iht-04bear.17526015.html?searchResultPosition=32
Stocks move higher as Americans vote,"Nov. 4, 2008",https://www.nytimes.com/2008/11/04/business/worldbusiness/04iht-05marketsCLOSE.17525264.html?searchResultPosition=33
Two European Banks Offer Gloomy Outlooks,"Nov. 4, 2008",https://www.nytimes.com/2008/11/05/business/05ubs.html?searchResultPosition=34
Bank Survey Shows Credit Is Growing Even Tighter,"Nov. 4, 2008",https://www.nytimes.comhttps://dealbook.nytimes.com/2008/11/04/bank-survey-shows-credit-is-growing-even-tighter/?searchResultPosition=35
Enriched by Randomness,"Nov. 4, 2008",https://www.nytimes.comhttps://economix.blogs.nytimes.com/2008/11/04/enriched-by-randomness/?searchResultPosition=36
Chile: $1 Billion Stimulus Plan Announced,"Nov. 4, 2008",https://www.nytimes.com/2008/11/05/business/worldbusiness/05fobriefs-1BILLIONSTIM_BRF.html?searchResultPosition=37
"Economy Shifts, and the Ethanol Industry Reels","Nov. 4, 2008",https://www.nytimes.com/2008/11/05/business/05ethanol.html?searchResultPosition=38
Europe Asks France to Rethink Fiscal Plan,"Nov. 4, 2008",https://www.nytimes.com/2008/11/05/business/worldbusiness/05euro.html?searchResultPosition=39
Surprises in a Closer Look at Credit-Default Swaps,"Nov. 4, 2008",https://www.nytimes.com/2008/11/05/business/05swap.html?searchResultPosition=40
To Treat the Fed as Volcker Did,"Nov. 4, 2008",https://www.nytimes.com/2008/11/05/business/05views.html?searchResultPosition=41
"In Modeling Risk, the Human Factor Was Left Out","Nov. 4, 2008",https://www.nytimes.com/2008/11/05/business/05risk.html?searchResultPosition=42
Global credit crisis cuts DBS's quarterly profit,"Nov. 5, 2008",https://www.nytimes.com/2008/02/15/business/worldbusiness/15iht-dbs.1.10078728.html?searchResultPosition=43
Wall Street's extreme sport: Financial engineering,"Nov. 5, 2008",https://www.nytimes.com/2008/11/05/business/worldbusiness/05iht-05risk.17534841.html?searchResultPosition=44
Wall Street’s Extreme Sport,"Nov. 5, 2008",https://www.nytimes.comhttps://dealbook.nytimes.com/2008/11/05/wall-streets-extreme-sport/?searchResultPosition=45
Former Bear Stearns Risk Manager Turns Up at Fed,"Nov. 5, 2008",https://www.nytimes.comhttps://dealbook.nytimes.com/2008/11/05/former-bear-stearns-risk-manager-turns-up-at-fed/?searchResultPosition=46
Deteriorating Home Market Puts GMAC Unit at Risk,"Nov. 5, 2008",https://www.nytimes.com/2008/11/06/business/06gmac.html?searchResultPosition=47
Slower Spending Hurt Service Sector in October,"Nov. 5, 2008",https://www.nytimes.com/2008/11/06/business/economy/06econ.html?searchResultPosition=48
German Stimulus Plan Includes Tax Breaks on Cars,"Nov. 5, 2008",https://www.nytimes.com/2008/11/06/business/worldbusiness/06stimulus.html?searchResultPosition=49
"For Obama, Long-Term Ills and Short-Term Pain","Nov. 5, 2008",https://www.nytimes.com/2008/11/06/business/economy/06norris.html?searchResultPosition=50
Trade’s Lubricant Growing Costlier,"Nov. 5, 2008",https://www.nytimes.com/2008/11/06/business/06views.html?searchResultPosition=51
Automakers and Union Seek Help From Pelosi,"Nov. 5, 2008",https://www.nytimes.com/2008/11/06/business/06auto.html?searchResultPosition=52
A Towering Economic To-Do List for Obama,"Nov. 5, 2008",https://www.nytimes.com/2008/11/06/business/06challenges.html?searchResultPosition=53
U.S. Does Not Support a Global Crisis Regulator,"Nov. 5, 2008",https://www.nytimes.com/2008/11/06/business/06global.html?searchResultPosition=54
Top Priority Is Stabilizing the Patient,"Nov. 5, 2008",https://www.nytimes.com/2008/11/06/business/economy/06leonhardt.html?searchResultPosition=55
Wall Street’s Pay Is Expected to Plummet,"Nov. 5, 2008",https://www.nytimes.com/2008/11/06/business/06pay.html?searchResultPosition=56
"European Banks Reduce Rates, Some Sharply","Nov. 6, 2008",https://www.nytimes.com/2008/11/07/business/07euro.html?searchResultPosition=57
Wall Street’s Pay Is Expected to Plummet,"Nov. 6, 2008",https://www.nytimes.comhttps://dealbook.nytimes.com/2008/11/06/wall-streets-pay-is-expected-to-plummet/?searchResultPosition=58
Retailers See a Broad Slowdown Ahead of Holidays,"Nov. 6, 2008",https://www.nytimes.com/2008/11/07/business/07shop.html?searchResultPosition=59
Worker Productivity Slowed as Consumer Spending Fell,"Nov. 6, 2008",https://www.nytimes.com/2008/11/07/business/economy/07econ.html?searchResultPosition=60
Blackstone Sees Credit Markets Improving,"Nov. 6, 2008",https://www.nytimes.comhttps://dealbook.nytimes.com/2008/11/06/to-blackstones-james-credit-markets-are-recovering/?searchResultPosition=61
"Proceed With Care, Mr. Obama","Nov. 6, 2008",https://www.nytimes.com/2008/11/07/business/07norris.html?searchResultPosition=62
Small Investors in Japan Jump In,"Nov. 6, 2008",https://www.nytimes.com/2008/11/07/business/worldbusiness/07yen.html?searchResultPosition=63
Blackstone Group Reports $500 Million 3rd-Quarter Loss,"Nov. 6, 2008",https://www.nytimes.com/2008/11/07/business/07blackstone.html?searchResultPosition=64
"In Washington, Automakers Plead for Aid","Nov. 6, 2008",https://www.nytimes.com/2008/11/07/business/07auto.html?searchResultPosition=65
Using Restraint With Bailouts,"Nov. 6, 2008",https://www.nytimes.com/2008/11/07/business/07views.html?searchResultPosition=66
"Once Sizzling, China’s Economy Shows Rapid Signs of Fizzling","Nov. 6, 2008",https://www.nytimes.com/2008/11/07/business/worldbusiness/07yuan.html?searchResultPosition=67
"Losses Mount, Fears Overwhelm, and a Life-Ending Decision Is Made","Nov. 6, 2008",https://www.nytimes.com/2008/11/07/business/07suicide.html?searchResultPosition=68
Retailers Report a Sales Collapse,"Nov. 6, 2008",https://www.nytimes.com/2008/11/07/business/07retail.html?searchResultPosition=69
Debt watchdogs: Tamed or caught napping?,"Nov. 7, 2008",https://www.nytimes.com/2008/12/07/business/worldbusiness/07iht-07rating.18454861.html?searchResultPosition=70
IKB rescue to include €1.5 billion share sale,"Nov. 7, 2008",https://www.nytimes.com/2008/02/17/business/worldbusiness/17iht-bank.5.10125889.html?searchResultPosition=71
More cuts coming to Wall Street,"Nov. 7, 2008",https://www.nytimes.com/2008/02/17/business/worldbusiness/17iht-wall.1.10107944.html?searchResultPosition=72
Arcane credit market faces big test as economy slows,"Nov. 7, 2008",https://www.nytimes.com/2008/02/17/business/worldbusiness/17iht-swaps.1.10111000.html?searchResultPosition=73
"The insiders at Apollo Group are selling, but why?","Nov. 7, 2008",https://www.nytimes.com/2008/02/17/business/worldbusiness/17iht-17morgan.10105197.html?searchResultPosition=74
"Fidelity to Cut Nearly 1,300 Jobs This Month","Nov. 7, 2008",https://www.nytimes.comhttps://dealbook.nytimes.com/2008/11/07/fidelity-to-cut-nearly-1300-jobs-this-month/?searchResultPosition=75
G.M. Says U.S. Cash Is Its Best Hope,"Nov. 7, 2008",https://www.nytimes.com/2008/11/08/business/08auto.html?searchResultPosition=76
Jobless Rate at 14-Year High After October Losses,"Nov. 7, 2008",https://www.nytimes.com/2008/11/08/business/economy/08econ.html?searchResultPosition=77
Europe Tempers Hopes for Summit Meeting,"Nov. 7, 2008",https://www.nytimes.com/2008/11/08/business/worldbusiness/08euro.html?searchResultPosition=78
"U.S. Sneezes, and Nearly Everyone Catches a Cold","Nov. 7, 2008",https://www.nytimes.com/2008/11/08/business/08chart.html?searchResultPosition=79
Vermont Bank Thrives While Others Cut Back,"Nov. 7, 2008",https://www.nytimes.com/2008/11/08/business/08bank.html?searchResultPosition=80
Turkey Tries to Resist Aid From I.M.F.,"Nov. 7, 2008",https://www.nytimes.com/2008/11/08/business/worldbusiness/08turkey.html?searchResultPosition=81
"75 Years Later, a Nation Hopes for Another F.D.R.","Nov. 7, 2008",https://www.nytimes.com/2008/11/08/business/08nocera.html?searchResultPosition=82
U.S. Buying More Loans to Students,"Nov. 7, 2008",https://www.nytimes.com/2008/11/08/business/08loan.html?searchResultPosition=83
"Hana may buy shares in Merrill, raising  global profile","Nov. 8, 2008",https://www.nytimes.com/2008/02/18/business/worldbusiness/18iht-rtrdeal19.1.10135553.html?searchResultPosition=84
"Left or right, European government's don't let banks go bust","Nov. 8, 2008",https://www.nytimes.com/2008/02/18/business/worldbusiness/18iht-col.4.10150612.html?searchResultPosition=85
Centro Properties Group under heavy pressure to sell assets,"Nov. 8, 2008",https://www.nytimes.com/2008/02/18/business/worldbusiness/18iht-centro.1.10134834.html?searchResultPosition=86
How the Thundering Herd Faltered and Fell,"Nov. 8, 2008",https://www.nytimes.com/2008/11/09/business/09magic.html?searchResultPosition=87
Open the Door and Turn on the Lights,"Nov. 8, 2008",https://www.nytimes.com/2008/11/09/business/09gret.html?searchResultPosition=88
"Put Away the Wish List, and Help Households Bounce Back","Nov. 8, 2008",https://www.nytimes.com/2008/11/09/business/09bernstein.html?searchResultPosition=89
"The Mood Always Matters, So Restore Confidence First","Nov. 8, 2008",https://www.nytimes.com/2008/11/09/business/09cowen.html?searchResultPosition=90
The Real Mandate Is to Bridge the Wealth Gap,"Nov. 8, 2008",https://www.nytimes.com/2008/11/09/business/09shiller.html?searchResultPosition=91
Remember That Capitalism Is More Than a Spectator Sport,"Nov. 8, 2008",https://www.nytimes.com/2008/11/09/business/09blinder.html?searchResultPosition=92
"Sure, It All Sounds Grand, but Don’t Forget the Gravitas","Nov. 8, 2008",https://www.nytimes.com/2008/11/09/business/09stein.html?searchResultPosition=93
Just What This Downturn Demands: A Consumption Tax,"Nov. 8, 2008",https://www.nytimes.com/2008/11/09/business/09frank.html?searchResultPosition=94
How Merrill's thundering herd fell,"Nov. 9, 2008",https://www.nytimes.com/2008/11/09/business/worldbusiness/09iht-magic.1.17652656.html?searchResultPosition=95
Westpac Banking rides rally with share sale,"Nov. 9, 2008",https://www.nytimes.com/2008/12/09/business/worldbusiness/09iht-bank.1.18514979.html?searchResultPosition=96
European governments won't let banks fail,"Nov. 9, 2008",https://www.nytimes.com/2008/02/19/business/worldbusiness/19iht-banks.1.10180067.html?searchResultPosition=97
Fact box: Big write-downs in the credit crisis,"Nov. 9, 2008",https://www.nytimes.com/2008/02/19/business/worldbusiness/19iht-19suisseboxfw.10178985.html?searchResultPosition=98
Talk to the Newsroom: White House Correspondent,"Nov. 9, 2008",https://www.nytimes.com/2008/11/10/business/media/10askthetimes.html?searchResultPosition=99
Some G.M. Retirees Are in a Health Care Squeeze,"Nov. 9, 2008",https://www.nytimes.com/2008/11/10/business/10gm.html?searchResultPosition=100
What Crisis? Some Hedge Funds Gain,"Nov. 9, 2008",https://www.nytimes.com/2008/11/10/business/economy/10hedge.html?searchResultPosition=101
A Pill That Gets Harder to Swallow; Time Out or Strikeout?,"Nov. 9, 2008",https://www.nytimes.com/2008/11/10/business/10views_ready.html?searchResultPosition=102
"Goodbye Seduction, Hello Coupons","Nov. 9, 2008",https://www.nytimes.com/2008/11/10/business/media/10adco.html?searchResultPosition=103
A.I.G. May Get More in Bailout,"Nov. 9, 2008",https://www.nytimes.com/2008/11/10/business/economy/10aig.html?searchResultPosition=104
Demand for a Say on a Way Out of Crisis,"Nov. 9, 2008",https://www.nytimes.com/2008/11/10/business/worldbusiness/10g20.html?searchResultPosition=105
HSBC reports more bad loans at U.S. unit,"Nov. 10, 2008",https://www.nytimes.com/2008/11/10/business/worldbusiness/10iht-banks.4.17692761.html?searchResultPosition=106
Crisis? What crisis? Some hedge funds are gaining,"Nov. 10, 2008",https://www.nytimes.com/2008/11/10/business/worldbusiness/10iht-10hedge.17672394.html?searchResultPosition=107
Markets Swing Lower in Afternoon Trading,"Nov. 10, 2008",https://www.nytimes.com/2008/11/11/business/worldbusiness/11markets.html?searchResultPosition=108
Former UBS Chief to Forego $10 Million in Exit Pay,"Nov. 10, 2008",https://www.nytimes.comhttps://dealbook.nytimes.com/2008/11/10/former-ubs-chief-to-forego-10-million-in-exit-pay/?searchResultPosition=109
U.S. Will Buy More Student Loans,"Nov. 10, 2008",https://www.nytimes.comhttps://dealbook.nytimes.com/2008/11/10/us-will-buy-more-loans-from-students/?searchResultPosition=110
How the Thundering Herd Faltered and Fell,"Nov. 10, 2008",https://www.nytimes.comhttps://dealbook.nytimes.com/2008/11/10/how-the-thundering-herd-faltered-and-fell/?searchResultPosition=111
What Crisis? Some Hedge Funds Are Gaining,"Nov. 10, 2008",https://www.nytimes.comhttps://dealbook.nytimes.com/2008/11/10/what-crisis-some-hedge-funds-are-gaining/?searchResultPosition=112
Fannie Mae Loses $29 Billion on Write-Downs,"Nov. 10, 2008",https://www.nytimes.com/2008/11/11/business/economy/11fannie.html?searchResultPosition=113
HSBC Says U.S. Loans Still Cloud Its Outlook,"Nov. 10, 2008",https://www.nytimes.com/2008/11/11/business/worldbusiness/11eurobanks.html?searchResultPosition=114
American Express to Be Bank Holding Company,"Nov. 10, 2008",https://www.nytimes.com/2008/11/11/business/11amex.html?searchResultPosition=115
Citigroup Offers to Ease Mortgage Terms,"Nov. 10, 2008",https://www.nytimes.com/2008/11/11/business/11bank.html?searchResultPosition=116
"For Regulators, A.I.G. Is Exhibit A","Nov. 10, 2008",https://www.nytimes.com/2008/11/11/business/11views.html?searchResultPosition=117
Tribune Company Loses $121 Million,"Nov. 10, 2008",https://www.nytimes.com/2008/11/11/business/media/11tribune.html?searchResultPosition=118
A Town Drowns in Debt as Home Values Plunge,"Nov. 10, 2008",https://www.nytimes.com/2008/11/11/business/11home.html?searchResultPosition=119
A.I.G. Secures $150 Billion Assistance Package,"Nov. 10, 2008",https://www.nytimes.com/2008/11/11/business/11insure.html?searchResultPosition=120
Why Obama May Assent to Deals,"Nov. 10, 2008",https://www.nytimes.com/2008/11/11/business/11sorkin.html?searchResultPosition=121
Retail Worries Help Push Markets Lower,"Nov. 11, 2008",https://www.nytimes.com/2008/11/12/business/12markets.html?searchResultPosition=122
Revenue Down 41% for Luxury Homebuilder,"Nov. 11, 2008",https://www.nytimes.com/2008/11/12/business/12toll.html?searchResultPosition=123
White House Scales Back a Mortgage Relief Plan,"Nov. 11, 2008",https://www.nytimes.com/2008/11/12/business/12mortgage.html?searchResultPosition=124
Law Firms Feel Strain of Layoffs and Cutbacks,"Nov. 11, 2008",https://www.nytimes.com/2008/11/12/business/12law.html?searchResultPosition=125
"Russian Currency Declines, Adding to Economic Strain","Nov. 11, 2008",https://www.nytimes.com/2008/11/12/business/worldbusiness/12ruble.html?searchResultPosition=126
A Deal Taxpayers May Live to Regret,"Nov. 11, 2008",https://www.nytimes.com/2008/11/12/business/12views.html?searchResultPosition=127
Negotiating Better Terms for Mortgage,"Nov. 11, 2008",https://www.nytimes.com/2008/11/12/business/yourmoney/12money.html?searchResultPosition=128
Lobbyists Swarm the Treasury for Piece of Bailout Pie,"Nov. 11, 2008",https://www.nytimes.com/2008/11/12/business/economy/12lobbying.html?searchResultPosition=129
Buying Binge Slams to Halt,"Nov. 11, 2008",https://www.nytimes.com/2008/11/12/business/economy/12leonhardt.html?searchResultPosition=130
ING posts its first quarterly loss ever,"Nov. 12, 2008",https://www.nytimes.com/2008/11/12/business/worldbusiness/12iht-ing.html?searchResultPosition=131
ING posts first-ever loss,"Nov. 12, 2008",https://www.nytimes.com/2008/11/12/business/worldbusiness/12iht-13ing.17746616.html?searchResultPosition=132
White House scales back a mortgage relief plan,"Nov. 12, 2008",https://www.nytimes.com/2008/11/12/business/worldbusiness/12iht-12mortgage.17737013.html?searchResultPosition=133
Japan hopes to revive economy with more stimulus,"Nov. 12, 2008",https://www.nytimes.com/2008/12/12/business/worldbusiness/12iht-yen.3.18637020.html?searchResultPosition=134
ING Posts Its First Loss Ever,"Nov. 12, 2008",https://www.nytimes.com/2008/11/13/business/worldbusiness/13ing.html?searchResultPosition=135
U.S. Shifts Focus in Credit Bailout to the Consumer,"Nov. 12, 2008",https://www.nytimes.com/2008/11/13/business/economy/13bailout.html?searchResultPosition=136
U.S. May Ease Rules for Mortgage-Relief Program,"Nov. 12, 2008",https://www.nytimes.com/2008/11/13/business/economy/13housing.html?searchResultPosition=137
Lawmakers Debate Pitfalls of Loan Modification,"Nov. 12, 2008",https://www.nytimes.com/2008/11/13/business/economy/13mortgage.html?searchResultPosition=138
Bailout of Iceland Held Up by Disputes Over Compensating Foreign Savers,"Nov. 12, 2008",https://www.nytimes.com/2008/11/13/business/worldbusiness/13iceland.html?searchResultPosition=139
Hedge Fund Managers to Testify in Washington,"Nov. 12, 2008",https://www.nytimes.com/2008/11/13/business/13hedge.html?searchResultPosition=140
"Heady Days Gone, City of London Struggles","Nov. 12, 2008",https://www.nytimes.com/2008/11/13/business/worldbusiness/13city.html?searchResultPosition=141
Life Insurers Facing Cuts in Ratings,"Nov. 12, 2008",https://www.nytimes.com/2008/11/13/business/13insure.html?searchResultPosition=142
Biggest Unit at Morgan Is to Lose 10% of Staff,"Nov. 12, 2008",https://www.nytimes.com/2008/11/13/business/13morgan.html?searchResultPosition=143
G.M.’s Troubles Stir Question of Bankruptcy vs. a Bailout,"Nov. 12, 2008",https://www.nytimes.com/2008/11/13/business/economy/13bankruptcy.html?searchResultPosition=144
Holiday Campaigns Bring on the Humor to Reassure Consumers,"Nov. 12, 2008",https://www.nytimes.com/2008/11/13/business/media/13adco.html?searchResultPosition=145
Advice for Leaders of Big Economies,"Nov. 12, 2008",https://www.nytimes.com/2008/11/13/business/economy/13views.html?searchResultPosition=146
"On Main Street, Buckling Up for a Bumpy Ride","Nov. 13, 2008",https://www.nytimes.com/2008/11/13/business/smallbusiness/13TAX.html?searchResultPosition=147
U.S. Treasury shifts focus of credit bailout,"Nov. 13, 2008",https://www.nytimes.com/2008/11/13/business/worldbusiness/13iht-13bailout.17786122.html?searchResultPosition=148
Hedge Fund Billionaires Head to Washington,"Nov. 13, 2008",https://www.nytimes.comhttps://dealbook.nytimes.com/2008/11/13/hedge-fund-billionaires-head-to-washington/?searchResultPosition=149
Buyout Executives Offer Grim Forecast,"Nov. 13, 2008",https://www.nytimes.comhttps://dealbook.nytimes.com/2008/11/13/private-equity-executives-offer-grim-economic-forecast/?searchResultPosition=150
Financial Bailout Package Shifts Focus,"Nov. 13, 2008",https://www.nytimes.comhttps://dealbook.nytimes.com/2008/11/13/financial-bailout-package-shifts-focus/?searchResultPosition=151
Bush Speaks in Defense of Markets,"Nov. 13, 2008",https://www.nytimes.com/2008/11/14/business/economy/14bush.html?searchResultPosition=152
Chances Dwindle on Bailout Plan for Automakers,"Nov. 13, 2008",https://www.nytimes.com/2008/11/14/business/14auto.html?searchResultPosition=153
Accountability Needed With Bailouts,"Nov. 13, 2008",https://www.nytimes.com/2008/11/14/business/14norris.html?searchResultPosition=154
Money Fund Thaws a Bit to Return Some Cash,"Nov. 13, 2008",https://www.nytimes.com/2008/11/14/business/14fund.html?searchResultPosition=155
"Many Line Up for Cash, but Bailout Plan Falters","Nov. 13, 2008",https://www.nytimes.com/2008/11/14/business/14bailout.html?searchResultPosition=156
Worst May Be Yet to Come for Citigroup,"Nov. 13, 2008",https://www.nytimes.com/2008/11/14/business/14place.html?searchResultPosition=157
"U.K. bank rescue plan, a model for others, is in trouble","Nov. 14, 2008",https://www.nytimes.com/2008/12/14/business/worldbusiness/14iht-britbank.4.18662187.html?searchResultPosition=158
Dexia Sells U.S. Unit to Assured Guaranty,"Nov. 14, 2008",https://www.nytimes.comhttps://dealbook.nytimes.com/2008/11/14/dexia-sells-us-unit-to-assured-guaranty/?searchResultPosition=159
"After Loss, Freddie Mac Seeks Aid","Nov. 14, 2008",https://www.nytimes.com/2008/11/15/business/15freddie.html?searchResultPosition=160
A Record Decline in October’s Retail Sales,"Nov. 14, 2008",https://www.nytimes.com/2008/11/15/business/economy/15econ.html?searchResultPosition=161
Central Bankers Ready to Act Together,"Nov. 14, 2008",https://www.nytimes.com/2008/11/15/business/economy/15fed.html?searchResultPosition=162
F.D.I.C. Offers Plan to Stem Foreclosures,"Nov. 14, 2008",https://www.nytimes.com/2008/11/15/business/economy/15home.html?searchResultPosition=163
"Facing Crisis, Congress Makes Sense","Nov. 14, 2008",https://www.nytimes.com/2008/11/15/business/15nocera.html?searchResultPosition=164
"With Credit Tight, U.S. Gives Small Business a Hand","Nov. 14, 2008",https://www.nytimes.com/2008/11/15/business/smallbusiness/15interview.html?searchResultPosition=165
Tight Times Even Tighter for Charities,"Nov. 14, 2008",https://www.nytimes.com/2008/11/15/business/15cost.html?searchResultPosition=166
"Words Fly, but No Aid for Detroit","Nov. 14, 2008",https://www.nytimes.com/2008/11/15/business/15bush.html?searchResultPosition=167
Employers Offer Workers Fewer Health Care Plans,"Nov. 14, 2008",https://www.nytimes.com/2008/11/15/business/15insure.html?searchResultPosition=168
New Yorker Nominated to Monitor U.S. Bailout,"Nov. 14, 2008",https://www.nytimes.com/2008/11/15/business/15tarp.html?searchResultPosition=169
Be Glad You’re Not Warren Buffett,"Nov. 14, 2008",https://www.nytimes.com/2008/11/15/business/15charts.html?searchResultPosition=170
The Creditors of Lehman Can Do Little but Wait,"Nov. 14, 2008",https://www.nytimes.com/2008/11/15/business/worldbusiness/15lehman.html?searchResultPosition=171
Automakers Offer Big Incentives to Spur Sales,"Nov. 14, 2008",https://www.nytimes.com/2008/11/15/business/15auto.html?searchResultPosition=172
Meeting’s Key Decision May Be to Keep Talking,"Nov. 14, 2008",https://www.nytimes.com/2008/11/15/business/15memo.html?searchResultPosition=173
When Citi Lost Sallie,"Nov. 15, 2008",https://www.nytimes.com/2008/11/16/business/16sallie.html?searchResultPosition=174
A Rescue Plan Without Taxpayer Money,"Nov. 15, 2008",https://www.nytimes.com/2008/11/16/business/16gret.html?searchResultPosition=175
"Market Bottom? For Some Investors, It’s Close Enough","Nov. 15, 2008",https://www.nytimes.com/2008/11/16/business/16fund.html?searchResultPosition=176
World Leaders Vow Joint Push to Aid Economy,"Nov. 15, 2008",https://www.nytimes.com/2008/11/16/business/worldbusiness/16summit.html?searchResultPosition=177
Downturn Drags More Consumers Into Bankruptcy,"Nov. 15, 2008",https://www.nytimes.com/2008/11/16/business/16consumer.html?searchResultPosition=178
An alternate financial rescue plan,"Nov. 16, 2008",https://www.nytimes.com/2008/11/16/business/worldbusiness/16iht-morgenson.1.17858126.html?searchResultPosition=179
From the Valley Comes a Warning,"Nov. 16, 2008",https://www.nytimes.com/2008/11/17/business/17views_ready.html?searchResultPosition=180
"Japan’s Economy, World’s Second Largest, Is in Recession","Nov. 16, 2008",https://www.nytimes.com/2008/11/17/business/worldbusiness/17yen.html?searchResultPosition=181
Concession by Iceland Clears Path for I.M.F. Aid,"Nov. 16, 2008",https://www.nytimes.com/2008/11/17/business/worldbusiness/17imf.html?searchResultPosition=182
No Bonuses for 7 Senior Executives at Goldman,"Nov. 16, 2008",https://www.nytimes.com/2008/11/17/business/economy/17goldman.html?searchResultPosition=183
"If Detroit Falls, Foreign Makers Could Be Buffer","Nov. 16, 2008",https://www.nytimes.com/2008/11/17/business/economy/17impact.html?searchResultPosition=184
"Seeking Aid, Automakers Have a Friend in the U.A.W.","Nov. 16, 2008",https://www.nytimes.com/2008/11/17/business/economy/17uaw.html?searchResultPosition=185
"Deregulator Looks Back, Unswayed","Nov. 16, 2008",https://www.nytimes.com/2008/11/17/business/economy/17gramm.html?searchResultPosition=186
"A Deregulator Looks Back, Unswayed","Nov. 17, 2008",https://www.nytimes.comhttps://dealbook.nytimes.com/2008/11/17/a-deregulator-looks-back-unswayed/?searchResultPosition=187
Citigroup Plans to Sell Assets and Cut More Jobs,"Nov. 17, 2008",https://www.nytimes.com/2008/11/18/business/18citi.html?searchResultPosition=188
No Bonuses for Top Executives at UBS,"Nov. 17, 2008",https://www.nytimes.com/2008/11/18/business/worldbusiness/18bonus.html?searchResultPosition=189
Solving the Securization Problem: The Jim Grosfeld Plan,"Nov. 17, 2008",https://www.nytimes.comhttps://executivesuite.blogs.nytimes.com/2008/11/17/solving-the-securization-problem-the-jim-grosfeld-plan/?searchResultPosition=190
Canadian Insurer Revises Its Stance on Auto Suppliers,"Nov. 17, 2008",https://www.nytimes.com/2008/11/18/business/worldbusiness/18insure.html?searchResultPosition=191
A British Lesson on Auto Bailouts,"Nov. 17, 2008",https://www.nytimes.com/2008/11/18/business/economy/18car.html?searchResultPosition=192
Chief Fights for G.M.’s Future and His Reputation,"Nov. 17, 2008",https://www.nytimes.com/2008/11/18/business/economy/18auto.html?searchResultPosition=193
"After lag, job losses hit banks across Asia","Nov. 18, 2008",https://www.nytimes.com/2008/11/18/business/worldbusiness/18iht-jobs.1.17917035.html?searchResultPosition=194
HSBC Cuts 500 Jobs in Asia,"Nov. 18, 2008",https://www.nytimes.com/2008/11/19/business/worldbusiness/19hsbc.html?searchResultPosition=195
Mitsubishi UFJ First-Half Profit Falls 64%,"Nov. 18, 2008",https://www.nytimes.comhttps://dealbook.nytimes.com/2008/11/18/mitsubishi-ufj-first-half-profit-falls-64/?searchResultPosition=196
Treasury Denounced Over Bailout,"Nov. 18, 2008",https://www.nytimes.com/2008/11/19/business/economy/19bailout.html?searchResultPosition=197
Home Prices Decline by 9%,"Nov. 18, 2008",https://www.nytimes.com/2008/11/19/business/economy/19home.html?searchResultPosition=198
Barclays Amends Plan for Equity Stake Sale,"Nov. 18, 2008",https://www.nytimes.com/2008/11/19/business/worldbusiness/19barclays.html?searchResultPosition=199
Detroit Chiefs Plead for Aid,"Nov. 18, 2008",https://www.nytimes.com/2008/11/19/business/19auto.html?searchResultPosition=200
"Asian Banks, Once Thought Safe From Crisis, Are Now Hurting","Nov. 18, 2008",https://www.nytimes.com/2008/11/19/business/worldbusiness/19asiajobs.html?searchResultPosition=201
Advantage of Corporate Bankruptcy Is Dwindling,"Nov. 18, 2008",https://www.nytimes.com/2008/11/19/business/economy/19bankruptcy.html?searchResultPosition=202
A Sea of Unwanted Imports,"Nov. 18, 2008",https://www.nytimes.com/2008/11/19/business/economy/19ports.html?searchResultPosition=203
Treasury to Review New Tax Break Plan,"Nov. 18, 2008",https://www.nytimes.com/2008/11/19/business/economy/19tax.html?searchResultPosition=204
Asian Banks Are Now Hurting,"Nov. 19, 2008",https://www.nytimes.comhttps://dealbook.nytimes.com/2008/11/19/asian-banks-are-now-hurting/?searchResultPosition=205
Chemical Maker Cuts Output Amid Downturn,"Nov. 19, 2008",https://www.nytimes.com/2008/11/20/business/worldbusiness/20basf.html?searchResultPosition=206
Auto Chiefs Fail to Get Bailout Aid,"Nov. 19, 2008",https://www.nytimes.com/2008/11/20/business/20auto.html?searchResultPosition=207
"At G.M., the Pride Remains","Nov. 19, 2008",https://www.nytimes.comhttps://economix.blogs.nytimes.com/2008/11/19/at-gm-the-pride-remains/?searchResultPosition=208
"Economy Faces ‘Significant Weakness,’ Fed Says","Nov. 19, 2008",https://www.nytimes.com/2008/11/20/business/economy/20fomc.html?searchResultPosition=209
Commercial Loans Are Looking Risky,"Nov. 19, 2008",https://www.nytimes.com/2008/11/20/business/economy/20views.html?searchResultPosition=210
Members of Bailout Panel Are Set,"Nov. 19, 2008",https://www.nytimes.com/2008/11/20/business/economy/20tarp.html?searchResultPosition=211
Stocks Drop Sharply and Credit Markets Seize Up,"Nov. 19, 2008",https://www.nytimes.com/2008/11/21/business/21markets.html?searchResultPosition=212
"After Losses,
Pensions Ask
For a Change","Nov. 19, 2008",https://www.nytimes.com/2008/11/20/business/economy/20pension.html?searchResultPosition=213
Credit-rating agencies under fire again,"Nov. 20, 2008",https://www.nytimes.com/2008/11/20/business/worldbusiness/20iht-rriskrat.html?searchResultPosition=214
Data dim hopes of Asian stability,"Nov. 20, 2008",https://www.nytimes.com/2008/11/20/business/worldbusiness/20iht-econ.3.17997966.html?searchResultPosition=215
Data dim hopes of Asian stability,"Nov. 20, 2008",https://www.nytimes.com/2008/11/20/business/worldbusiness/20iht-econ.1.17993347.html?searchResultPosition=216
"New Jobless Claims Reach a 16-Year High, U.S. Says","Nov. 20, 2008",https://www.nytimes.com/2008/11/21/business/economy/21econ.html?searchResultPosition=217
"Oil Closes Below $50, Lowest Price Since May 2005","Nov. 20, 2008",https://www.nytimes.com/2008/11/21/business/economy/21oil.html?searchResultPosition=218
Detroit’s Bid for Aid Fails — For Now,"Nov. 20, 2008",https://www.nytimes.com/2008/11/21/business/21auto.html?searchResultPosition=219
Paulson Cautions Against Overregulation,"Nov. 20, 2008",https://www.nytimes.com/2008/11/21/business/economy/21treasury.html?searchResultPosition=220
"DVDs, Hollywood’s Profit Source, Are Sagging","Nov. 20, 2008",https://www.nytimes.com/2008/11/21/business/21dvd.html?searchResultPosition=221
$25 Billion Investment Fund Is Formed to Protect French Industry,"Nov. 20, 2008",https://www.nytimes.com/2008/11/21/business/worldbusiness/21fund.html?searchResultPosition=222
JPMorgan Leads in Deal Rankings,"Nov. 20, 2008",https://www.nytimes.com/2008/11/21/business/21views.html?searchResultPosition=223
U.S. Agrees to Buy Student Loans to Ease Borrowing,"Nov. 20, 2008",https://www.nytimes.com/2008/11/21/business/21loan.html?searchResultPosition=224
Treasury to Support a Frozen Money Fund,"Nov. 20, 2008",https://www.nytimes.com/2008/11/21/business/21money.html?searchResultPosition=225
Fields of Grain and Losses,"Nov. 20, 2008",https://www.nytimes.com/2008/11/21/business/21farm.html?searchResultPosition=226
"Looking to Washington Amid Turmoil, So Far in Vain","Nov. 20, 2008",https://www.nytimes.com/2008/11/21/business/economy/21norris.html?searchResultPosition=227
Citigroup Tries to Stop the Drop in Its Share Price,"Nov. 20, 2008",https://www.nytimes.com/2008/11/21/business/21finance.html?searchResultPosition=228
Stocks Soar on News of Choice for Treasury,"Nov. 20, 2008",https://www.nytimes.com/2008/11/22/business/22markets.html?searchResultPosition=229
White House philosophy stoked mortgage bonfire,"Nov. 21, 2008",https://www.nytimes.com/2008/12/21/business/worldbusiness/21iht-21admin.18841556.html?searchResultPosition=230
White House philosophy stoked mortgage bonfire,"Nov. 21, 2008",https://www.nytimes.com/2008/12/21/business/worldbusiness/21iht-21admin.18841572.html?searchResultPosition=231
"Looking to Washington Again, So Far in Vain","Nov. 21, 2008",https://www.nytimes.comhttps://dealbook.nytimes.com/2008/11/21/looking-to-washington-again-so-far-in-vain/?searchResultPosition=232
"The New Deal Didn’t Always Work, Either","Nov. 21, 2008",https://www.nytimes.com/2008/11/23/business/23view.html?searchResultPosition=233
And You Thought 1931 Was Bad for the Market,"Nov. 21, 2008",https://www.nytimes.com/2008/11/22/business/22charts.html?searchResultPosition=234
That Money Isn’t Leaving the Vault,"Nov. 21, 2008",https://www.nytimes.com/2008/11/23/business/23gret.html?searchResultPosition=235
"Lawyers Wanted: Abroad, That Is","Nov. 21, 2008",https://www.nytimes.com/2008/11/23/business/23law.html?searchResultPosition=236
What if a Slowdown Is a Never-Ending Story?,"Nov. 21, 2008",https://www.nytimes.com/2008/11/23/business/23every.html?searchResultPosition=237
"Shares Falling, Citigroup Talks to Government","Nov. 21, 2008",https://www.nytimes.com/2008/11/22/business/22citi.html?searchResultPosition=238
"Despite Economy, Ryanair Chief Plans to Expand","Nov. 21, 2008",https://www.nytimes.com/2008/11/22/business/worldbusiness/22ryanair.html?searchResultPosition=239
Automaker to Return 2 Leased Jets,"Nov. 21, 2008",https://www.nytimes.com/2008/11/22/business/22jets.html?searchResultPosition=240
G.M.’s Latest Great Green Hope Is a Tall Order,"Nov. 21, 2008",https://www.nytimes.com/2008/11/22/business/22volt.html?searchResultPosition=241
Road Ahead Is Long for G.M.,"Nov. 21, 2008",https://www.nytimes.com/2008/11/22/business/22nocera.html?searchResultPosition=242
Hoping Not to Repeat the Mistakes of the Past,"Nov. 21, 2008",https://www.nytimes.com/2008/11/22/business/22auto.html?searchResultPosition=243
Woes at Citigroup Began With Failed Bid for Wachovia,"Nov. 21, 2008",https://www.nytimes.com/2008/11/22/business/22bank.html?searchResultPosition=244
A Friendship’s Paying Off for British Banking Giant,"Nov. 21, 2008",https://www.nytimes.com/2008/11/22/business/22bonus.html?searchResultPosition=245
Hints of Relief From the Siege,"Nov. 21, 2008",https://www.nytimes.com/2008/11/22/business/22bailout.html?searchResultPosition=246
Citigroup Saw No Red Flags Even as It Made Bolder Bets,"Nov. 22, 2008",https://www.nytimes.com/2008/11/23/business/23citi.html?searchResultPosition=247
Seeking Solace? You’ll Find Little in the Bond Market,"Nov. 22, 2008",https://www.nytimes.com/2008/11/23/business/23safe.html?searchResultPosition=248
Citigroup pays for a rush to risk,"Nov. 23, 2008",https://www.nytimes.com/2008/11/23/business/worldbusiness/23iht-23citi.18059343.html?searchResultPosition=249
Citigroup to Halt Dividend and Curb Pay,"Nov. 23, 2008",https://www.nytimes.com/2008/11/24/business/24citibank.html?searchResultPosition=250
Big Three’s Troubles May Touch Financial Sector,"Nov. 23, 2008",https://www.nytimes.com/2008/11/24/business/24auto.html?searchResultPosition=251
Ford Scion Looks Beyond Bailout to Green Agenda,"Nov. 23, 2008",https://www.nytimes.com/2008/11/24/business/24ford.html?searchResultPosition=252
"For Luxury Brands, Less Money to Spend on Ads","Nov. 23, 2008",https://www.nytimes.com/2008/11/24/business/media/24luxury.html?searchResultPosition=253
Awaiting Reaction to 3rd Try at Bailout,"Nov. 23, 2008",https://www.nytimes.com/2008/11/24/business/economy/24markets.html?searchResultPosition=254
Chinese banks to face test during economic crisis,"Nov. 24, 2008",https://www.nytimes.com/2008/11/24/business/worldbusiness/24iht-inside25.1.18093932.html?searchResultPosition=255
"Another Crisis, Another Guarantee","Nov. 24, 2008",https://www.nytimes.com/2008/11/25/business/25assess.html?searchResultPosition=256
Britain Offers $30 Billion Stimulus Plan,"Nov. 24, 2008",https://www.nytimes.com/2008/11/25/business/worldbusiness/25pound.html?searchResultPosition=257
European Leaders Looking for Common Ground in an Economic Crisis,"Nov. 24, 2008",https://www.nytimes.com/2008/11/25/business/worldbusiness/25euro.html?searchResultPosition=258
Wall Street Mixed After Credit Moves,"Nov. 24, 2008",https://www.nytimes.com/2008/11/26/business/26markets.html?searchResultPosition=259
Where Was Geithner in Turmoil?,"Nov. 24, 2008",https://www.nytimes.com/2008/11/25/business/25sorkin.html?searchResultPosition=260
Saving Citi May Create More Fear,"Nov. 24, 2008",https://www.nytimes.com/2008/11/25/business/25citi.html?searchResultPosition=261
Bad Assets Don’t Just Disappear,"Nov. 24, 2008",https://www.nytimes.com/2008/11/25/business/economy/25views.html?searchResultPosition=262
U.S. Details $800 Billion Loan Plans,"Nov. 25, 2008",https://www.nytimes.com/2008/11/26/business/economy/26fed.html?searchResultPosition=263
Slight Rise in Consumer Confidence,"Nov. 25, 2008",https://www.nytimes.com/2008/11/26/business/economy/26econ.html?searchResultPosition=264
Outlook Grows More Dire for Housing Market,"Nov. 25, 2008",https://www.nytimes.com/2008/11/26/business/economy/26housing.html?searchResultPosition=265
3 Former UBS Executives Forfeit Pay,"Nov. 25, 2008",https://www.nytimes.com/2008/11/26/business/worldbusiness/26ubs.html?searchResultPosition=266
Extreme Makeover at Morgan Stanley,"Nov. 25, 2008",https://www.nytimes.com/2008/11/26/business/26morgan.html?searchResultPosition=267
The Return of Larry Summers,"Nov. 25, 2008",https://www.nytimes.com/2008/11/26/business/economy/26leonhardt.html?searchResultPosition=268
First Audit Said to Cite Some Snags With Bailout,"Nov. 25, 2008",https://www.nytimes.com/2008/11/26/business/economy/26tarp.html?searchResultPosition=269
U.S. Plans $800 Billion in Lending to Ease Crisis,"Nov. 26, 2008",https://www.nytimes.comhttps://dealbook.nytimes.com/2008/11/26/us-plans-800-billion-in-lending-to-ease-crisis/?searchResultPosition=270
"Buck Broken, but Timing May Affect Redemptions","Nov. 26, 2008",https://www.nytimes.com/2008/11/27/business/27fund.html?searchResultPosition=271
Call to Let Tax Breaks Cover Banks Outside U.S.,"Nov. 26, 2008",https://www.nytimes.com/2008/11/27/business/worldbusiness/27tax.html?searchResultPosition=272
Baking Some Stability Into Banking,"Nov. 26, 2008",https://www.nytimes.com/2008/11/27/business/27views.html?searchResultPosition=273
New Efforts for Stimulus in Europe and China,"Nov. 26, 2008",https://www.nytimes.com/2008/11/27/business/worldbusiness/27stimulus.html?searchResultPosition=274
U.S. Consumer Loan Aid Will Trickle Only So Far,"Nov. 26, 2008",https://www.nytimes.com/2008/11/27/business/27consumer.html?searchResultPosition=275
Norinchukin Bank looks to raise $10.5 billion,"Nov. 27, 2008",https://www.nytimes.com/2008/11/27/business/worldbusiness/27iht-bank.3.18206913.html?searchResultPosition=276
UBS finds some tax fraud cases,"Nov. 27, 2008",https://www.nytimes.com/2008/11/27/business/worldbusiness/27iht-27ubs.18197207.html?searchResultPosition=277
UBS Finds Limited Tax Fraud Involving Wealthy Americans,"Nov. 27, 2008",https://www.nytimes.com/2008/11/28/business/28ubs.html?searchResultPosition=278
G.M. Seeks to Keep the Public From Tracking Its Plane,"Nov. 27, 2008",https://www.nytimes.com/2008/11/28/business/28gm.html?searchResultPosition=279
Copper’s Every Dip Is Felt in Arizona,"Nov. 27, 2008",https://www.nytimes.com/2008/11/28/business/28copper.html?searchResultPosition=280
"Sigh Deeply, Acquire Merrill","Nov. 27, 2008",https://www.nytimes.com/2008/11/28/business/28views.html?searchResultPosition=281
An End Run Around Realogy’s Lenders,"Nov. 27, 2008",https://www.nytimes.com/2008/11/28/business/28norris.html?searchResultPosition=282
U.K. Takes Majority Stake in RBS,"Nov. 28, 2008",https://www.nytimes.com/2008/11/29/business/worldbusiness/29rbs.html?searchResultPosition=283
Latest Chrysler Buyout Offer Lures Quarter of Salaried Staff,"Nov. 28, 2008",https://www.nytimes.com/2008/11/29/business/29chrysler.html?searchResultPosition=284
What Would Keynes Have Done?,"Nov. 28, 2008",https://www.nytimes.com/2008/11/30/business/economy/30view.html?searchResultPosition=285
Should Taxpayers Back a High-End Electric Carmaker?,"Nov. 28, 2008",https://www.nytimes.com/2008/11/30/business/30digi.html?searchResultPosition=286
When the Downturn Sailed Into Savannah,"Nov. 28, 2008",https://www.nytimes.com/2008/11/30/business/economy/30econ.html?searchResultPosition=287
Auto Dealerships Teeter as Big Three Decline,"Nov. 29, 2008",https://www.nytimes.com/2008/11/30/business/30dealer.html?searchResultPosition=288
Treasury buying $5 billion stake in GMAC,"Nov. 30, 2008",https://www.nytimes.com/2008/12/30/business/worldbusiness/30iht-auto.3.19002065.html?searchResultPosition=289
Squeezing the Most From a Stimulus Plan,"Nov. 30, 2008",https://www.nytimes.com/2008/12/01/business/economy/01stimulus.html?searchResultPosition=290
A New Era 0f Debtor Nations,"Nov. 30, 2008",https://www.nytimes.com/2008/12/01/business/01views.html?searchResultPosition=291
Autoworkers Worry More Givebacks Are in Store,"Nov. 30, 2008",https://www.nytimes.com/2008/12/01/business/01uaw.html?searchResultPosition=292
"Doris Dungey, Prescient Finance Blogger, Dies at 47","Nov. 30, 2008",https://www.nytimes.com/2008/12/01/business/01tanta.html?searchResultPosition=293
"Deep Discounts Draw Shoppers, but Not Profits","Nov. 30, 2008",https://www.nytimes.com/2008/12/01/business/01shop.html?searchResultPosition=294
Each Player in Big Three Is Devising Its Own Plan,"Nov. 30, 2008",https://www.nytimes.com/2008/12/01/business/economy/01auto.html?searchResultPosition=295
"After trading scandal, Société Générale reports record quarterly loss","Dec. 1, 2008",https://www.nytimes.com/2008/02/21/business/worldbusiness/21iht-socgen.3.10275896.html?searchResultPosition=296
Bayerische Landesbank to cut one-third of work force,"Dec. 1, 2008",https://www.nytimes.com/2008/12/01/business/worldbusiness/01iht-gbank.4.18298631.html?searchResultPosition=297
Slower growth forecast for euro zone,"Dec. 1, 2008",https://www.nytimes.com/2008/02/21/business/worldbusiness/21iht-euecon.4.10265831.html?searchResultPosition=298
BNP Paribas confident in  2008 outlook,"Dec. 1, 2008",https://www.nytimes.com/2008/02/21/business/worldbusiness/21iht-paribas.1.10263778.html?searchResultPosition=299
"Doris Dungey, Prescient Finance Blogger, Dies at 47","Dec. 1, 2008",https://www.nytimes.comhttps://dealbook.nytimes.com/2008/12/01/doris-dungey-prescient-finance-blogger-dies-at-47/?searchResultPosition=300
Officials Vow to Act Amid Signs of Long Recession,"Dec. 1, 2008",https://www.nytimes.com/2008/12/02/business/economy/02econ.html?searchResultPosition=301
It’s a Recession,"Dec. 1, 2008",https://www.nytimes.comhttps://economix.blogs.nytimes.com/2008/12/01/its-a-recession/?searchResultPosition=302
Officials Warn That Economy Will Remain Weak,"Dec. 1, 2008",https://www.nytimes.com/2008/12/02/business/economy/02bernanke.html?searchResultPosition=303
"Deutsche Rejects a Rescue, Even as Its Shares Tumble","Dec. 1, 2008",https://www.nytimes.com/2008/12/02/business/worldbusiness/02deutsche.html?searchResultPosition=304
Fund Investors Sue Countrywide Over Loan Modifications,"Dec. 1, 2008",https://www.nytimes.com/2008/12/02/business/02loan.html?searchResultPosition=305
Bailout Monitor Sees Lack of a Coherent Plan,"Dec. 1, 2008",https://www.nytimes.com/2008/12/02/business/02tarp.html?searchResultPosition=306
Big Three May Need to Trim Number of Brands,"Dec. 1, 2008",https://www.nytimes.com/2008/12/02/business/02auto.html?searchResultPosition=307
South Korean banks feel pressure to merge,"Dec. 2, 2008",https://www.nytimes.com/2008/12/02/business/worldbusiness/02iht-won.1.18324517.html?searchResultPosition=308
Credit crunch reaches picturesque resort,"Dec. 2, 2008",https://www.nytimes.com/2008/02/22/business/worldbusiness/22iht-22agassiFW.10303894.html?searchResultPosition=309
Japan Tries to Ease a Crisis in Corporate Credit With Emergency Lending,"Dec. 2, 2008",https://www.nytimes.com/2008/12/03/business/worldbusiness/03yen.html?searchResultPosition=310
"Pursuing U.S. Aid, G.M. Accepts Need for Drastic Cuts","Dec. 2, 2008",https://www.nytimes.com/2008/12/03/business/03auto.html?searchResultPosition=311
Manhattan Awash in Open Office Space,"Dec. 2, 2008",https://www.nytimes.com/2008/12/03/business/03blocks.html?searchResultPosition=312
Fed Extends Some Credit Programs Through April 30,"Dec. 2, 2008",https://www.nytimes.com/2008/12/03/business/economy/03fed.html?searchResultPosition=313
European Regulators Again Revise Bank Subsidy Rules,"Dec. 2, 2008",https://www.nytimes.com/2008/12/03/business/worldbusiness/03euro.html?searchResultPosition=314
G.E. Warns of Low Fourth-Quarter Profit,"Dec. 2, 2008",https://www.nytimes.com/2008/12/03/business/03electric.html?searchResultPosition=315
Budgets Behaving Badly,"Dec. 2, 2008",https://www.nytimes.com/2008/12/03/business/economy/03leonhardt.html?searchResultPosition=316
Auditors Urge Treasury to Add Bailout Controls,"Dec. 2, 2008",https://www.nytimes.com/2008/12/03/business/economy/03tarp.html?searchResultPosition=317
Harvard Endowment Loses 22%,"Dec. 3, 2008",https://www.nytimes.com/2008/12/04/business/04harvard.html?searchResultPosition=318
U.A.W. Makes Concessions to Help Automakers,"Dec. 3, 2008",https://www.nytimes.com/2008/12/04/business/04auto.html?searchResultPosition=319
"Ahead of Auto Bailout Hearings, Union Ready to Make Concessions","Dec. 3, 2008",https://www.nytimes.com/2008/12/04/business/04uaw.html?searchResultPosition=320
"As Sales Fall, German Carmakers Cut Production and Hope to Avoid Layoffs","Dec. 3, 2008",https://www.nytimes.com/2008/12/04/business/worldbusiness/04cars.html?searchResultPosition=321
S.E.C. Issues Rules on Conflicts in Credit Rating,"Dec. 3, 2008",https://www.nytimes.com/2008/12/04/business/economy/04sec.html?searchResultPosition=322
Managers Win Auction for a Part of Lehman,"Dec. 3, 2008",https://www.nytimes.com/2008/12/04/business/04lehman.html?searchResultPosition=323
G.M. Is Trying to Ease a Crushing Debt Load,"Dec. 3, 2008",https://www.nytimes.com/2008/12/04/business/04swap.html?searchResultPosition=324
A Rush Into Refinancing as Mortgage Rates Fall,"Dec. 3, 2008",https://www.nytimes.com/2008/12/04/business/04refi.html?searchResultPosition=325
"Fortress, the Hedge Fund, Is Crumbling","Dec. 3, 2008",https://www.nytimes.com/2008/12/04/business/04place.html?searchResultPosition=326
The Hunt Is On for New Money,"Dec. 3, 2008",https://www.nytimes.com/2008/12/04/business/04views.html?searchResultPosition=327
Thousands more lose investment bank jobs,"Dec. 4, 2008",https://www.nytimes.com/2008/12/04/business/worldbusiness/04iht-bank.2.18398986.html?searchResultPosition=328
Money Market Fund Outlines Plans to Reimburse Investors,"Dec. 4, 2008",https://www.nytimes.com/2008/12/04/business/04reserve.html?searchResultPosition=329
More Financial Jobs Are Cut in Europe,"Dec. 4, 2008",https://www.nytimes.com/2008/12/05/business/worldbusiness/05suisse.html?searchResultPosition=330
S.E.C. Issues Rules on Conflicts in Credit Rating,"Dec. 4, 2008",https://www.nytimes.comhttps://dealbook.nytimes.com/2008/12/04/sec-issues-rules-on-conflicts-in-credit-rating/?searchResultPosition=331
"Credit Suisse Cuts 5,300 Jobs","Dec. 4, 2008",https://www.nytimes.comhttps://dealbook.nytimes.com/2008/12/04/credit-suisse-cuts-5300-jobs/?searchResultPosition=332
Auto Executives Still Find Skeptics,"Dec. 4, 2008",https://www.nytimes.com/2008/12/05/business/05auto.html?searchResultPosition=333
Bernanke Calls for More Help for Homeowners,"Dec. 4, 2008",https://www.nytimes.com/2008/12/05/business/economy/05fed.html?searchResultPosition=334
Paris Offers a $33 Billion Stimulus Plan,"Dec. 4, 2008",https://www.nytimes.com/2008/12/05/business/worldbusiness/05stimulus.html?searchResultPosition=335
"Embattled, Fund Shifts Cost of Suits to Investors","Dec. 4, 2008",https://www.nytimes.com/2008/12/05/business/05fund.html?searchResultPosition=336
Washington’s New Tack: Helping Home Buyers,"Dec. 4, 2008",https://www.nytimes.com/2008/12/05/business/05housing.html?searchResultPosition=337
Trump Sees Act of God in Recession,"Dec. 4, 2008",https://www.nytimes.com/2008/12/05/business/05norris.html?searchResultPosition=338
Is Chrysler Simply Looking for a Mate? That’s the Take of a Tennessee Senator,"Dec. 4, 2008",https://www.nytimes.com/2008/12/05/business/05chrysler.html?searchResultPosition=339
Hedge Funds Need Makeover,"Dec. 4, 2008",https://www.nytimes.com/2008/12/05/business/05views.html?searchResultPosition=340
Shares rally on optimism about bond insurers,"Dec. 5, 2008",https://www.nytimes.com/2008/02/25/business/worldbusiness/25iht-stox.5.10391726.html?searchResultPosition=341
Shares rally on talk of rescue plan for Ambac,"Dec. 5, 2008",https://www.nytimes.com/2008/02/25/business/worldbusiness/25iht-stox.4.10386575.html?searchResultPosition=342
U.S. stocks rally as bond insurers' ratings are affirmed,"Dec. 5, 2008",https://www.nytimes.com/2008/02/25/business/worldbusiness/25iht-25stoxafw.10388695.html?searchResultPosition=343
HSBC Executive Calls Deposit Backing Unfair,"Dec. 5, 2008",https://www.nytimes.com/2008/12/06/business/worldbusiness/06hsbc.html?searchResultPosition=344
Democrats Set to Offer Loans for Carmakers,"Dec. 5, 2008",https://www.nytimes.com/2008/12/06/business/06auto.html?searchResultPosition=345
Bank of America Liable in Securities Fraud,"Dec. 5, 2008",https://www.nytimes.com/2008/12/06/business/06bank.html?searchResultPosition=346
Some See a Buying Opportunity in Bank Shares,"Dec. 5, 2008",https://www.nytimes.com/2008/12/06/business/06values.html?searchResultPosition=347
Darkness and Light at GE Capital,"Dec. 5, 2008",https://www.nytimes.com/2008/12/07/business/07gret.html?searchResultPosition=348
Why Wait to Repeal Tax Cuts for the Rich?,"Dec. 5, 2008",https://www.nytimes.com/2008/12/07/business/07view.html?searchResultPosition=349
Argentina Announces $3.8 Billion in Stimulus,"Dec. 5, 2008",https://www.nytimes.com/2008/12/06/business/worldbusiness/06argentina.html?searchResultPosition=350
Grim Job Report Not Showing Full Picture,"Dec. 5, 2008",https://www.nytimes.com/2008/12/06/business/economy/06idle.html?searchResultPosition=351
Autoworkers Glued to the Set for Hearings,"Dec. 5, 2008",https://www.nytimes.com/2008/12/06/business/06workers.html?searchResultPosition=352
"At G.M., Innovation Sacrificed to Profits","Dec. 5, 2008",https://www.nytimes.com/2008/12/06/business/06motors.html?searchResultPosition=353
Chrysler’s Friends in High Places,"Dec. 5, 2008",https://www.nytimes.com/2008/12/06/business/06chrysler.html?searchResultPosition=354
Small and midsize banks also face subprime fallout,"Dec. 6, 2008",https://www.nytimes.com/2008/02/26/business/worldbusiness/26iht-banks.4.10439806.html?searchResultPosition=355
Debt Watchdogs: Tamed or Caught Napping?,"Dec. 6, 2008",https://www.nytimes.com/2008/12/07/business/07rating.html?searchResultPosition=356
"In Private Equity, the Limits of Apollo’s Power","Dec. 6, 2008",https://www.nytimes.com/2008/12/07/business/07leon.html?searchResultPosition=357
Portfolio cap lifted on Fannie and Freddie,"Dec. 7, 2008",https://www.nytimes.com/2008/02/27/business/worldbusiness/27iht-27fanniefw.10487612.html?searchResultPosition=358
UBS shareholders approve emergency capital infusion,"Dec. 7, 2008",https://www.nytimes.com/2008/02/27/business/worldbusiness/27iht-ubs.3.10484484.html?searchResultPosition=359
"With Trouble in Detroit, Madison Avenue Cringes","Dec. 7, 2008",https://www.nytimes.com/2008/12/08/business/media/08adco.html?searchResultPosition=360
"In Washington, Some Optimism About a Big Three Bankruptcy","Dec. 7, 2008",https://www.nytimes.com/2008/12/08/business/08detroit.html?searchResultPosition=361
Major Issue in Big 3 Aid Is Final Cost,"Dec. 7, 2008",https://www.nytimes.com/2008/12/08/business/08auto.html?searchResultPosition=362
"In String of Bad News, Omens of a Long Recession","Dec. 7, 2008",https://www.nytimes.com/2008/12/08/business/economy/08econ.html?searchResultPosition=363
Rising costs for funds hurt Australian banks,"Dec. 8, 2008",https://www.nytimes.com/2008/02/28/business/worldbusiness/28iht-ozbank.1.10524386.html?searchResultPosition=364
U.K. and French leaders to discuss infrastructure boost,"Dec. 8, 2008",https://www.nytimes.com/2008/12/08/business/worldbusiness/08iht-08summit.18483201.html?searchResultPosition=365
DZ Bank joins list of German victims of U.S. subprime crisis,"Dec. 8, 2008",https://www.nytimes.com/2008/02/28/business/worldbusiness/28iht-banks.4.10546715.html?searchResultPosition=366
Debt Watchdogs: Tamed or Caught Napping?,"Dec. 8, 2008",https://www.nytimes.comhttps://dealbook.nytimes.com/2008/12/08/debt-watchdogs-tamed-or-caught-napping/?searchResultPosition=367
Deal to Rescue American Automakers Is Moving Ahead,"Dec. 8, 2008",https://www.nytimes.com/2008/12/09/business/09auto.html?searchResultPosition=368
European Leaders Promote Economic Cooperation,"Dec. 8, 2008",https://www.nytimes.com/2008/12/09/business/worldbusiness/09euro.html?searchResultPosition=369
Modified Loans Often Lead Homeowners Back to Trouble,"Dec. 8, 2008",https://www.nytimes.com/2008/12/09/business/economy/09mortgage.html?searchResultPosition=370
Airing the Depth of Troubles at Fannie Mae,"Dec. 8, 2008",https://www.nytimes.com/2008/12/09/business/economy/09fannie.html?searchResultPosition=371
"Car Dealers Brace for Closings, or for a Fight, as Detroit Seeks Help","Dec. 8, 2008",https://www.nytimes.com/2008/12/09/business/09dealers.html?searchResultPosition=372
Next Year Is Looking Even Worse,"Dec. 8, 2008",https://www.nytimes.com/2008/12/09/business/media/09adco.html?searchResultPosition=373
Why Not Bring Cash Back Home?,"Dec. 8, 2008",https://www.nytimes.com/2008/12/09/business/09views.html?searchResultPosition=374
Uninsured Put a Strain on Hospitals,"Dec. 8, 2008",https://www.nytimes.com/2008/12/09/business/09emergency.html?searchResultPosition=375
Washington Takes Risks With Its Auto Bailout Plans,"Dec. 8, 2008",https://www.nytimes.com/2008/12/09/business/economy/09nationalize.html?searchResultPosition=376
"G.M., Under Pressure, Turns to Robert Lutz","Dec. 8, 2008",https://www.nytimes.com/2008/12/09/business/09manage.html?searchResultPosition=377
Democrats and White House Close In on Auto Deal,"Dec. 9, 2008",https://www.nytimes.com/2008/12/10/business/10auto.html?searchResultPosition=378
"After Wall St. Tremors, Office Vacancy Rates Rise in Manhattan’s Shadow","Dec. 9, 2008",https://www.nytimes.com/2008/12/10/business/10office.html?searchResultPosition=379
"For Biotech, a Tax Break Spells Hope","Dec. 9, 2008",https://www.nytimes.com/2008/12/10/business/10biobail.html?searchResultPosition=380
Ex-Officer Faults Mortgage Giants for ‘Orgy’ of Nonprime Loans,"Dec. 9, 2008",https://www.nytimes.com/2008/12/10/business/10fannie.html?searchResultPosition=381
Foreign Automakers Say Little in Aid Debate,"Dec. 9, 2008",https://www.nytimes.com/2008/12/10/business/10transplants.html?searchResultPosition=382
"As F.H.A.’s Role Grows, So Does the Risk of Fraud","Dec. 9, 2008",https://www.nytimes.com/2008/12/10/business/10fha.html?searchResultPosition=383
Fannie is faulted for an 'orgy' of subprime loans,"Dec. 10, 2008",https://www.nytimes.com/2008/12/10/business/worldbusiness/10iht-10fannie.18541243.html?searchResultPosition=384
Member of a Panel Overseeing the Financial Bailout Objects to Its Findings,"Dec. 10, 2008",https://www.nytimes.com/2008/12/10/business/economy/10tarp.html?searchResultPosition=385
"After Wall St. Tremors, Office Vacancy Rates Rise in Manhattan’s Shadow","Dec. 10, 2008",https://www.nytimes.comhttps://dealbook.nytimes.com/2008/12/10/after-wall-st-tremors-office-vacancy-rates-rise-in-manhattans-shadow/?searchResultPosition=386
Ex-Officer Faults Mortgage Giants for ‘Orgy’ of Nonprime Loans,"Dec. 10, 2008",https://www.nytimes.comhttps://dealbook.nytimes.com/2008/12/10/ex-officer-faults-mortgage-giants-for-orgy-of-nonprime-loans/?searchResultPosition=387
Sales at Wholesale Level Plummet,"Dec. 10, 2008",https://www.nytimes.com/2008/12/11/business/economy/11econ.html?searchResultPosition=388
House Passes Auto Rescue Plan,"Dec. 10, 2008",https://www.nytimes.com/2008/12/11/business/11auto.html?searchResultPosition=389
XL Capital Plunges Despite Report It Is Seeking Buyer,"Dec. 10, 2008",https://www.nytimes.comhttps://dealbook.nytimes.com/2008/12/10/xl-capital-plunges-despite-report-its-seeking-buyer/?searchResultPosition=390
"Pressing Its Investors, GMAC Says It Lacks the Capital to Be a Bank","Dec. 10, 2008",https://www.nytimes.com/2008/12/11/business/11gmac.html?searchResultPosition=391
Reprieve for Tax Shelter Is in Proposed Bailout for Detroit,"Dec. 10, 2008",https://www.nytimes.com/2008/12/11/business/11tax.html?searchResultPosition=392
Takeover Bid for Bell Canada Evaporates,"Dec. 10, 2008",https://www.nytimes.com/2008/12/11/business/worldbusiness/11place.html?searchResultPosition=393
Forecaster Says Ford and G.M. Can Survive,"Dec. 10, 2008",https://www.nytimes.com/2008/12/11/business/11forecast.html?searchResultPosition=394
"Reducing Debt, but Also Prospects","Dec. 10, 2008",https://www.nytimes.com/2008/12/11/business/11views.html?searchResultPosition=395
"Fighting Foreclosures, F.D.I.C. Chief Draws Fire","Dec. 10, 2008",https://www.nytimes.com/2008/12/11/business/11bair.html?searchResultPosition=396
South Korea cuts key rate to record low of 3%,"Dec. 11, 2008",https://www.nytimes.com/2008/12/11/business/worldbusiness/11iht-won.1.18580480.html?searchResultPosition=397
South Korea cuts interest rate to record 3 percent,"Dec. 11, 2008",https://www.nytimes.com/2008/12/11/business/worldbusiness/11iht-11won-cnd-rate.18581699.html?searchResultPosition=398
"South Korea Cuts Interest Rate to 3%, a Record","Dec. 11, 2008",https://www.nytimes.com/2008/12/12/business/worldbusiness/12won.html?searchResultPosition=399
"Asian Banks Survive, but Challenges Await","Dec. 11, 2008",https://www.nytimes.comhttps://dealbook.nytimes.com/2008/12/11/asian-banks-survive-but-challenges-await/?searchResultPosition=400
Senate Abandons Automaker Bailout Bid,"Dec. 11, 2008",https://www.nytimes.com/2008/12/12/business/12auto.html?searchResultPosition=401
Japanese Companies Still Invest in Themselves,"Dec. 11, 2008",https://www.nytimes.com/2008/12/12/business/worldbusiness/12yen.html?searchResultPosition=402
"Bank of America to Cut 35,000 Jobs Over 3 Years","Dec. 11, 2008",https://www.nytimes.com/2008/12/12/business/12bank.html?searchResultPosition=403
"Bank of America to Cut Up to 35,000 Jobs","Dec. 11, 2008",https://www.nytimes.comhttps://dealbook.nytimes.com/2008/12/11/bank-of-america-to-cut-up-to-35000-jobs/?searchResultPosition=404
No Question We’re in a Financial Pickle. What Do We Call It?,"Dec. 11, 2008",https://www.nytimes.com/2008/12/12/business/economy/12bailout.html?searchResultPosition=405
Fury Builds Over Crisis at Banks,"Dec. 11, 2008",https://www.nytimes.com/2008/12/12/business/12norris.html?searchResultPosition=406
A Subtle Thaw in Credit Freeze,"Dec. 11, 2008",https://www.nytimes.com/2008/12/12/business/12views.html?searchResultPosition=407
Pensions Get a Reprieve in Congress,"Dec. 11, 2008",https://www.nytimes.com/2008/12/12/business/12pension.html?searchResultPosition=408
Auto Suppliers Share Anxiety Over a Bailout,"Dec. 11, 2008",https://www.nytimes.com/2008/12/12/business/12rescue.html?searchResultPosition=409
‘Car Czar’ a Fuzzy Description for a Big Job,"Dec. 11, 2008",https://www.nytimes.com/2008/12/12/business/12czar.html?searchResultPosition=410
"Bank of America to cut as many as 35,000 jobs over 3 years as part of Merrill merger","Dec. 12, 2008",https://www.nytimes.com/2008/12/12/business/worldbusiness/12iht-jobs.4.18639892.html?searchResultPosition=411
Japan hopes to revive economy with more stimulus,"Dec. 12, 2008",https://www.nytimes.com/2008/12/12/business/worldbusiness/12iht-13stimulus.18637770.html?searchResultPosition=412
Auto Suppliers Share in the Anxiety,"Dec. 12, 2008",https://www.nytimes.com/2008/12/12/business/12rescue-web.html?searchResultPosition=413
White House Ready to Aid Auto Industry,"Dec. 12, 2008",https://www.nytimes.com/2008/12/13/business/13auto.html?searchResultPosition=414
Retail Spending Weak in November,"Dec. 12, 2008",https://www.nytimes.com/2008/12/13/business/economy/13econ.html?searchResultPosition=415
U.A.W. at Center of Dispute Over Bailout,"Dec. 12, 2008",https://www.nytimes.com/2008/12/13/business/13uaw.html?searchResultPosition=416
Japanese Leader Offers a Vast Stimulus Package,"Dec. 12, 2008",https://www.nytimes.com/2008/12/13/business/worldbusiness/13stimulus.html?searchResultPosition=417
G.M. to Idle Most Plants for About a Month,"Dec. 12, 2008",https://www.nytimes.com/2008/12/13/business/13industry.html?searchResultPosition=418
Carmakers in Asia and Europe Also Look for Help,"Dec. 12, 2008",https://www.nytimes.com/2008/12/13/business/worldbusiness/13bailout.html?searchResultPosition=419
It’s the New Economic Reality. Work With It.,"Dec. 12, 2008",https://www.nytimes.com/2008/12/13/business/yourmoney/13wealth.html?searchResultPosition=420
Coaches for a Game of Money,"Dec. 12, 2008",https://www.nytimes.com/2008/12/13/business/yourmoney/13cost.html?searchResultPosition=421
"Hedge Funds Are Victims, Raising Further Questions","Dec. 12, 2008",https://www.nytimes.com/2008/12/13/business/13damage.html?searchResultPosition=422
U.A.W. Chief and Senator Gain From Face-Off,"Dec. 12, 2008",https://www.nytimes.com/2008/12/13/business/13union.html?searchResultPosition=423
A Champion of Wall Street Reaps Benefits,"Dec. 13, 2008",https://www.nytimes.com/2008/12/14/business/14schumer.html?searchResultPosition=424
The Man Who Is Unwinding Lehman Brothers,"Dec. 13, 2008",https://www.nytimes.com/2008/12/14/business/14miller.html?searchResultPosition=425
"Blank Check for Banks, Pink Slips for Detroit","Dec. 13, 2008",https://www.nytimes.com/2008/12/14/business/14gret.html?searchResultPosition=426
"Nascar’s Sponsors, Hit by Sticker Shock","Dec. 13, 2008",https://www.nytimes.com/2008/12/14/business/14nascar.html?searchResultPosition=427
"To Build Confidence, Aim for Full Employment","Dec. 13, 2008",https://www.nytimes.com/2008/12/14/business/economy/14view.html?searchResultPosition=428
"Before the Fear, There Was Foolishness","Dec. 13, 2008",https://www.nytimes.com/2008/12/14/business/14every.html?searchResultPosition=429
"After Its Big Cuts, Detroit Makes Lots of Small Ones","Dec. 14, 2008",https://www.nytimes.com/2008/12/15/business/15costs.html?searchResultPosition=430
Fannie Mae Lets Renters Stay Despite Foreclosures,"Dec. 14, 2008",https://www.nytimes.com/2008/12/15/business/15evict.html?searchResultPosition=431
Goldman Is Expected to Report an End to a Profitable Run,"Dec. 14, 2008",https://www.nytimes.com/2008/12/15/business/15goldman.html?searchResultPosition=432
Banks Use Free Pizzas and Humor to Calm Fears,"Dec. 14, 2008",https://www.nytimes.com/2008/12/15/business/media/15adcol.html?searchResultPosition=433
Fleeing Investors Put a Strain on Funds,"Dec. 14, 2008",https://www.nytimes.com/2008/12/15/business/15hedge.html?searchResultPosition=434
"MediaNews Sees Bad Timing on Newspapers, Not Bad Bets","Dec. 14, 2008",https://www.nytimes.com/2008/12/15/business/media/15singleton.html?searchResultPosition=435
"As Rates Near Zero, the Fed Turns to Unproven Methods","Dec. 14, 2008",https://www.nytimes.com/2008/12/15/business/economy/15fed.html?searchResultPosition=436
Wall St. Stumbles as News Stays Bleak,"Dec. 15, 2008",https://www.nytimes.com/2008/12/16/business/16markets.html?searchResultPosition=437
HSBC’s Madoff Exposure: $1 Billion,"Dec. 15, 2008",https://www.nytimes.comhttps://dealbook.nytimes.com/2008/12/15/hsbc-puts-madoff-exposure-at-1-billion/?searchResultPosition=438
Global Car Industry Fearful for Detroit,"Dec. 15, 2008",https://www.nytimes.com/2008/12/16/business/16global.html?searchResultPosition=439
How the Fed Reached Out to Lehman,"Dec. 15, 2008",https://www.nytimes.com/2008/12/16/business/16sorkin.html?searchResultPosition=440
GMAC Closer to Goal of Being a Bank,"Dec. 15, 2008",https://www.nytimes.com/2008/12/16/business/16gmac.html?searchResultPosition=441
Goldman Sachs posts $2.12 billion loss,"Dec. 16, 2008",https://www.nytimes.com/2008/12/16/business/worldbusiness/16iht-goldman.4.18733678.html?searchResultPosition=442
Goldman Sachs reports $2.1 billion quarterly loss,"Dec. 16, 2008",https://www.nytimes.com/2008/12/16/business/worldbusiness/16iht-17goldman.18730507.html?searchResultPosition=443
Retail Prices Fall at Record Rate,"Dec. 16, 2008",https://www.nytimes.com/2008/12/17/business/economy/17econ.html?searchResultPosition=444
Housing Starts Plunged 19% in November,"Dec. 16, 2008",https://www.nytimes.com/2008/12/17/business/economy/17housing.html?searchResultPosition=445
Goldman Sachs Reports $2.1 Billion Quarterly Loss,"Dec. 16, 2008",https://www.nytimes.com/2008/12/17/business/17goldman.html?searchResultPosition=446
OPEC Plans Further Output Cut,"Dec. 16, 2008",https://www.nytimes.com/2008/12/17/business/worldbusiness/17opec.html?searchResultPosition=447
Fed Cuts Key Rate to a Record Low,"Dec. 16, 2008",https://www.nytimes.com/2008/12/17/business/economy/17fed.html?searchResultPosition=448
A List a Landlord Doesn’t Want to Be On,"Dec. 16, 2008",https://www.nytimes.com/2008/12/17/business/17distress.html?searchResultPosition=449
G.E. Won’t Issue Forecast for ’09,"Dec. 16, 2008",https://www.nytimes.com/2008/12/17/business/economy/17electric.html?searchResultPosition=450
British Bank Rescue Plan Is Under Fire,"Dec. 16, 2008",https://www.nytimes.com/2008/12/17/business/worldbusiness/17bank.html?searchResultPosition=451
Morgan Stanley posts $2.2 billion quarterly loss,"Dec. 17, 2008",https://www.nytimes.com/2008/12/17/business/worldbusiness/17iht-17morgan.18756023.html?searchResultPosition=452
Broad Measure of U.S. Trade Fell in Third Quarter,"Dec. 17, 2008",https://www.nytimes.com/2008/12/18/business/economy/18econ.html?searchResultPosition=453
Morgan Stanley Posts $2.36 Billion Loss,"Dec. 17, 2008",https://www.nytimes.com/2008/12/18/business/18morgan.html?searchResultPosition=454
OPEC Agrees to Another Cut in Production,"Dec. 17, 2008",https://www.nytimes.com/2008/12/18/business/worldbusiness/18opec.html?searchResultPosition=455
Fed Cut Pressures Japan and China to Follow Suit,"Dec. 17, 2008",https://www.nytimes.com/2008/12/18/business/economy/18rates.html?searchResultPosition=456
Chrysler to Shut Factories for a Month,"Dec. 17, 2008",https://www.nytimes.com/2008/12/18/business/18chrysler.html?searchResultPosition=457
"With Little Optimism for 2009, Morgan Stanley Posts $2 Billion Loss","Dec. 17, 2008",https://www.nytimes.com/2008/12/18/business/18bank.html?searchResultPosition=458
Paulson Takes Lead in Auto Rescue Talks,"Dec. 17, 2008",https://www.nytimes.com/2008/12/18/business/18auto.html?searchResultPosition=459
"On Wall Street, Bonuses, Not Profits, Were Real","Dec. 17, 2008",https://www.nytimes.com/2008/12/18/business/18pay.html?searchResultPosition=460
"The Fight to Survive, Writ Small","Dec. 17, 2008",https://www.nytimes.com/2008/12/18/business/smallbusiness/18sbiz.html?searchResultPosition=461
The year the financial system stopped working,"Dec. 18, 2008",https://www.nytimes.com/2008/12/18/business/worldbusiness/18iht-norris19.1.18780213.html?searchResultPosition=462
Economic Indicator Drops the Most Since ’91,"Dec. 18, 2008",https://www.nytimes.com/2008/12/19/business/economy/19econ.html?searchResultPosition=463
Car Bankruptcy Cited as Option by White House,"Dec. 18, 2008",https://www.nytimes.com/2008/12/19/business/19auto.html?searchResultPosition=464
Banks Try New Ways to Handle Bonuses,"Dec. 18, 2008",https://www.nytimes.com/2008/12/19/business/worldbusiness/19bonus.html?searchResultPosition=465
A Year of Chaos in Finance,"Dec. 18, 2008",https://www.nytimes.com/2008/12/19/business/19norris.html?searchResultPosition=466
Obama Names Insider to Commodities Post,"Dec. 18, 2008",https://www.nytimes.com/2008/12/19/business/19gensler.html?searchResultPosition=467
Tax Break May Have Helped Cause Housing Bubble,"Dec. 18, 2008",https://www.nytimes.com/2008/12/19/business/19tax.html?searchResultPosition=468
Obama Names Insider to Commodities Post,"Dec. 19, 2008",https://www.nytimes.comhttps://dealbook.nytimes.com/2008/12/19/obama-names-insider-to-commodities-post/?searchResultPosition=469
"Bush Aids Detroit, but Hard Choices Wait for Obama","Dec. 19, 2008",https://www.nytimes.com/2008/12/20/business/20auto.html?searchResultPosition=470
"Stocks Jump, Then Slide Back, After Auto Bailout","Dec. 19, 2008",https://www.nytimes.com/2008/12/20/business/20markets.html?searchResultPosition=471
Japan Offers a Possible Road Map for U.S. Economy,"Dec. 19, 2008",https://www.nytimes.com/2008/12/20/business/worldbusiness/20yen.html?searchResultPosition=472
Foreign Investors Trade Safe for Safest,"Dec. 19, 2008",https://www.nytimes.com/2008/12/20/business/worldbusiness/20charts.html?searchResultPosition=473
How India Avoided a Crisis,"Dec. 19, 2008",https://www.nytimes.com/2008/12/20/business/20nocera.html?searchResultPosition=474
"After Lifeline, Big 3 Are Still in Deep","Dec. 19, 2008",https://www.nytimes.com/2008/12/20/business/20assess.html?searchResultPosition=475
"Madoff Scheme Kept Rippling Outward, Across Borders","Dec. 19, 2008",https://www.nytimes.com/2008/12/20/business/20madoff.html?searchResultPosition=476
Treasury Has Spent $350 Billion of Bailout Fund,"Dec. 19, 2008",https://www.nytimes.com/2008/12/20/business/20tarp.html?searchResultPosition=477
"A Risk for Ford in Shunning Bailout, and Possibly a Reward","Dec. 19, 2008",https://www.nytimes.com/2008/12/20/business/20ford.html?searchResultPosition=478
White House Philosophy Stoked Mortgage Bonfire,"Dec. 20, 2008",https://www.nytimes.com/2008/12/21/business/21admin.html?searchResultPosition=479
Downturn Will Test Obama’s Vision for an Energy-Efficient Auto Industry,"Dec. 20, 2008",https://www.nytimes.com/2008/12/21/business/21obama.html?searchResultPosition=480
Just Call This Deal Hoosier Baroque,"Dec. 20, 2008",https://www.nytimes.com/2008/12/21/business/21gret.html?searchResultPosition=481
A City That Shopped Till It Dropped,"Dec. 20, 2008",https://www.nytimes.com/2008/12/21/business/21emery.html?searchResultPosition=482
Missing the Target With $700 Billion,"Dec. 20, 2008",https://www.nytimes.com/2008/12/21/business/economy/21view.html?searchResultPosition=483
Canada Agrees to Its Own Auto Bailout,"Dec. 20, 2008",https://www.nytimes.com/2008/12/21/business/worldbusiness/21canada.html?searchResultPosition=484
Bush drive for home ownership fueled housing bubble,"Dec. 21, 2008",https://www.nytimes.com/2008/12/21/business/worldbusiness/21iht-admin.3.18846524.html?searchResultPosition=485
"Wall St. Firm’s Lawyers Are Acquired, but the Firm Is Not","Dec. 21, 2008",https://www.nytimes.com/2008/12/22/business/22law.html?searchResultPosition=486
Change Ahead for Hedge Funds,"Dec. 21, 2008",https://www.nytimes.com/2008/12/22/business/22views.html?searchResultPosition=487
Uncertainty Grows Over Parent’s Role in Chrysler,"Dec. 21, 2008",https://www.nytimes.com/2008/12/22/business/22chrysler.html?searchResultPosition=488
Mizuho Financial Group to raise $4 billion,"Dec. 22, 2008",https://www.nytimes.com/2008/12/22/business/worldbusiness/22iht-22mizuho.18859695.html?searchResultPosition=489
Toyota Expects Its First Loss in 70 Years,"Dec. 22, 2008",https://www.nytimes.com/2008/12/23/business/worldbusiness/23toyota.html?searchResultPosition=490
Wall Street Closes Lower as Toyota Foresees Loss,"Dec. 22, 2008",https://www.nytimes.com/2008/12/23/business/23markets.html?searchResultPosition=491
"Car Slump Jolts Toyota, Halting 70 Years of Gain","Dec. 22, 2008",https://www.nytimes.com/2008/12/23/business/23auto.html?searchResultPosition=492
Foreign Automakers in the U.S. Cut Back,"Dec. 22, 2008",https://www.nytimes.com/2008/12/23/business/23transplants.html?searchResultPosition=493
"For HSBC, Questions of Vitality","Dec. 22, 2008",https://www.nytimes.com/2008/12/23/business/worldbusiness/23hsbc.html?searchResultPosition=494
Irregularity Uncovered at IndyMac,"Dec. 22, 2008",https://www.nytimes.com/2008/12/23/business/23thrift.html?searchResultPosition=495
Irregularity uncovered at IndyMac,"Dec. 23, 2008",https://www.nytimes.com/2008/12/23/business/worldbusiness/23iht-23thrift.18883905.html?searchResultPosition=496
"For HSBC, Questions of Vitality","Dec. 23, 2008",https://www.nytimes.comhttps://dealbook.nytimes.com/2008/12/23/for-hsbc-questions-of-vitality/?searchResultPosition=497
Home Sales Fell Sharply in November,"Dec. 23, 2008",https://www.nytimes.com/2008/12/24/business/24econ.html?searchResultPosition=498
Rules Set for Mortgage Loan Appraisals,"Dec. 23, 2008",https://www.nytimes.com/2008/12/24/business/24fannie.html?searchResultPosition=499
Insights Both Fresh and Tested,"Dec. 23, 2008",https://www.nytimes.com/2008/12/24/business/economy/24leonhardt.html?searchResultPosition=500
GMAC’s Bondholders Near Crucial Deadline,"Dec. 23, 2008",https://www.nytimes.com/2008/12/24/business/24gmac.html?searchResultPosition=501
Nearly the End of the Line for S.U.V.’s,"Dec. 23, 2008",https://www.nytimes.com/2008/12/24/business/24auto.html?searchResultPosition=502
S.E.C. Staff Seeks Reserve Fund Inquiry,"Dec. 23, 2008",https://www.nytimes.com/2008/12/24/business/24fund.html?searchResultPosition=503
Financier Is Found Dead in a Madoff Aftermath,"Dec. 23, 2008",https://www.nytimes.com/2008/12/24/business/24suicide.html?searchResultPosition=504
Wall Street’s Night Before Christmas,"Dec. 24, 2008",https://www.nytimes.comhttps://dealbook.nytimes.com/2008/12/24/wall-streets-night-before-christmas/?searchResultPosition=505
Market for Corporate Jets Goes Into Free-Fall,"Dec. 24, 2008",https://www.nytimes.com/2008/12/25/business/25jets.html?searchResultPosition=506
Fed Approves GMAC Request to Become a Bank,"Dec. 24, 2008",https://www.nytimes.com/2008/12/25/business/25gmac.html?searchResultPosition=507
"Once Trusted Mortgage Pioneers, Now Scrutinized","Dec. 24, 2008",https://www.nytimes.com/2008/12/25/business/25sandler.html?searchResultPosition=508
Timely Twists on Holiday Films,"Dec. 24, 2008",https://www.nytimes.com/2008/12/25/business/25views.html?searchResultPosition=509
French Unions Losing Influence in Downturn,"Dec. 25, 2008",https://www.nytimes.com/2008/12/26/business/worldbusiness/26union.html?searchResultPosition=510
Qualifying Tests for Chinese Financial Workers,"Dec. 25, 2008",https://www.nytimes.com/2008/12/26/business/worldbusiness/26exam.html?searchResultPosition=511
Ignominious Seven From 2008,"Dec. 25, 2008",https://www.nytimes.com/2008/12/26/business/26views.html?searchResultPosition=512
Advice for Obama From Ernst & Young’s Chief,"Dec. 26, 2008",https://www.nytimes.com/2008/12/27/business/27interview.html?searchResultPosition=513
A Mortgage Paper Trail Often Leads to Nowhere,"Dec. 26, 2008",https://www.nytimes.com/2008/12/28/business/28gret.html?searchResultPosition=514
Bailout of Long-Term Capital: A Bad Precedent?,"Dec. 26, 2008",https://www.nytimes.com/2008/12/28/business/economy/28view.html?searchResultPosition=515
Foreclosures Don’t Spare the House of God,"Dec. 26, 2008",https://www.nytimes.com/2008/12/27/business/27church.html?searchResultPosition=516
They Told Me That Madoff Never Lost Money,"Dec. 26, 2008",https://www.nytimes.com/2008/12/28/business/28every.html?searchResultPosition=517
GMAC Quiet as a Deadline Passes for Aid,"Dec. 27, 2008",https://www.nytimes.com/2008/12/28/business/28gmac.html?searchResultPosition=518
IndyMac Is Set to Be Sold to Private Investors,"Dec. 27, 2008",https://www.nytimes.comhttps://dealbook.nytimes.com/2008/12/27/indymac-is-set-to-be-sold-to-private-investors/?searchResultPosition=519
Best and Worst Ads: A Year the News Eclipsed Commercial Breaks,"Dec. 28, 2008",https://www.nytimes.com/2008/12/29/business/media/29adcol.html?searchResultPosition=520
The Beneficiaries of the Downturn,"Dec. 28, 2008",https://www.nytimes.com/2008/12/29/business/29views.html?searchResultPosition=521
Private Equity Firms Are Near Deal to Buy IndyMac,"Dec. 28, 2008",https://www.nytimes.com/2008/12/29/business/29indymac.html?searchResultPosition=522
No Word on GMAC Vote as Deadline Expires,"Dec. 28, 2008",https://www.nytimes.com/2008/12/29/business/29gmac.html?searchResultPosition=523
Private equity firms are near deal to buy IndyMac,"Dec. 29, 2008",https://www.nytimes.com/2008/12/29/business/worldbusiness/29iht-29indymac.18963709.html?searchResultPosition=524
TV Retains Marketing Dollars in Hard Times,"Dec. 29, 2008",https://www.nytimes.com/2008/12/30/business/media/30adco.html?searchResultPosition=525
"As the U.S. Buys Less, Germany Suffers","Dec. 29, 2008",https://www.nytimes.com/2008/12/30/business/worldbusiness/30exports.html?searchResultPosition=526
U.S. Agrees to a Stake in GMAC,"Dec. 29, 2008",https://www.nytimes.com/2008/12/30/business/30auto.html?searchResultPosition=527
Lehman Seeks More Time to File Reorganization,"Dec. 30, 2008",https://www.nytimes.com/2008/12/31/business/31lehman.html?searchResultPosition=528
A Renter’s Market for Manhattan Offices,"Dec. 30, 2008",https://www.nytimes.com/2008/12/31/business/31office.html?searchResultPosition=529
Shares Climb as G.M. Gets More Money,"Dec. 30, 2008",https://www.nytimes.com/2008/12/31/business/economy/31stox.html?searchResultPosition=530
"In 2009, Economy Will Depend on Unlocking Credit","Dec. 30, 2008",https://www.nytimes.com/2008/12/31/business/economy/31lend.html?searchResultPosition=531
China: More Money for an Airline,"Dec. 30, 2008",https://www.nytimes.com/2008/12/31/business/worldbusiness/31fobriefs-MOREMONEYFOR_BRF.html?searchResultPosition=532
2008 sees 6 years of market gains slip away,"Dec. 31, 2008",https://www.nytimes.com/2008/12/31/business/worldbusiness/31iht-01markets.19018410.html?searchResultPosition=533
Markets Limp Into 2009 After a Bruising Year,"Dec. 31, 2008",https://www.nytimes.com/2009/01/01/business/economy/01markets.html?searchResultPosition=534
Treasury Expands Possibilities for Aiding Auto Industry,"Dec. 31, 2008",https://www.nytimes.com/2009/01/01/business/economy/01tarp.html?searchResultPosition=535
